[
  {
    "id": "84f11fdf-c2d1-44b2-b5a4-55fcc2f79205",
    "data": [
      {
        "text": "FLY!!!!",
        "userDefined": false
      }
    ],
    "isTemplate": false,
    "count": 0,
    "lang": "en",
    "updated": 0
  },
  {
    "id": "1ff4711b-b2c7-4e8c-8c96-d44f0658174c",
    "data": [
      {
        "text": "I wanna fly",
        "userDefined": false
      }
    ],
    "isTemplate": false,
    "count": 0,
    "lang": "en",
    "updated": 0
  },
  {
    "id": "c672dcd0-52dd-47a4-99c6-8da341081864",
    "data": [
      {
        "text": "make me fly!",
        "userDefined": false
      }
    ],
    "isTemplate": false,
    "count": 0,
    "lang": "en",
    "updated": 0
  }
]