[
  {
    "id": "396bf697-fad6-4a12-962f-ef815c19e4e5",
    "data": [
      {
        "text": "CANADABALL DOES NOT HAVE A WEBSITE!!!!!",
        "userDefined": false
      }
    ],
    "isTemplate": false,
    "count": 0,
    "lang": "en",
    "updated": 0
  },
  {
    "id": "58063176-2df1-40f6-a500-62dfe9521dcc",
    "data": [
      {
        "text": "website?",
        "userDefined": false
      }
    ],
    "isTemplate": false,
    "count": 0,
    "lang": "en",
    "updated": 0
  },
  {
    "id": "932a805d-a237-4862-8aa3-d5b162c0e54d",
    "data": [
      {
        "text": "do you have a website?",
        "userDefined": false
      }
    ],
    "isTemplate": false,
    "count": 0,
    "lang": "en",
    "updated": 0
  }
]