[
  {
    "id": "e7dc8137-17af-4b5e-a137-31604cc48f5d",
    "data": [
      {
        "text": "any joke",
        "userDefined": false
      }
    ],
    "isTemplate": false,
    "count": 0,
    "lang": "en",
    "updated": 0
  },
  {
    "id": "1bf4d3cb-6a91-4c81-a1a5-b89dcb8381c6",
    "data": [
      {
        "text": "Tell me a joke",
        "userDefined": false
      }
    ],
    "isTemplate": false,
    "count": 0,
    "lang": "en",
    "updated": 0
  },
  {
    "id": "210ea8e0-098b-4ef3-9a47-bab6545f4530",
    "data": [
      {
        "text": "Tell me something",
        "userDefined": false
      }
    ],
    "isTemplate": false,
    "count": 0,
    "lang": "en",
    "updated": 0
  },
  {
    "id": "f6987836-613b-486b-b53f-64ab480d4a22",
    "data": [
      {
        "text": "Tell me any joke",
        "userDefined": false
      }
    ],
    "isTemplate": false,
    "count": 0,
    "lang": "en",
    "updated": 0
  }
]